{
  "best_per_target": {
    "clip_sim": {
      "mean": 0.8711818333333333,
      "std": 0.04394683414498325,
      "n": 6
    },
    "lpips": {
      "mean": 0.6034561666666667,
      "std": 0.06236709675274829,
      "n": 6
    },
    "rmse": {
      "mean": 0.188935,
      "std": 0.052869868231347046,
      "n": 6
    },
    "score": {
      "mean": 0.7107553333333332,
      "std": 0.03344551978167876,
      "n": 6
    }
  },
  "all_candidates": {
    "clip_sim": {
      "mean": 0.8602312777777777,
      "std": 0.05998402056019053,
      "n": 18
    },
    "lpips": {
      "mean": 0.6176229999999999,
      "std": 0.06512504762829917,
      "n": 18
    },
    "rmse": {
      "mean": 0.18102733333333335,
      "std": 0.04316057928521458,
      "n": 18
    },
    "score": {
      "mean": 0.7044973333333333,
      "std": 0.030399061922445996,
      "n": 18
    }
  }
}